Word,Frequency
love,833
family,394
know,370
thank,349
sorry,295
want,284
yall,282
would,270
like,265
im,252
god,252
say,209
life,183
lord,178
hope,176
forgive,165
dont,164
going,155
people,146
tell,146
peace,143
one,143
take,137
warden,136
yes,134
see,133
jesus,126
death,113
ready,113
give,109
done,108
pain,107
keep,103
go,102
thats,96
heart,94
ask,93
strong,93
get,93
friends,91
man,90
years,90
find,89
father,85
right,83
everybody,78
us,77
back,77
pray,75
good,75
never,75
caused,74
come,74
please,73
home,73
let,73
time,73
could,68
everyone,67
care,66
got,65
stay,65
always,64
forgiveness,62
christ,62
apologize,61
everything,61
mom,61
ill,59
make,59
way,59
first,58
loved,58
didnt,58
day,58
row,57
innocent,56
nothing,56
said,55
much,55
ive,53
support,53
may,53
cant,52
bless,52
sir,52
world,50
lot,49
today,49
heaven,47
wish,45
victims,44
ok,44
happened,44
sister,43
statement,43
help,42
hate,42
wrong,41
things,41
really,41
kill,40
continue,39
son,39
something,39
thing,39
still,39
hurt,38
truth,38
brothers,37
justice,37
think,37
closure,37
truly,37
tonight,37
made,36
bring,36
last,36
understand,36
feel,36
allah,36
ones,35
guys,35
every,35
appreciate,35
mr,35
anything,35
words,34
name,34
brother,34
better,33
well,33
mother,32
shall,32
soul,32
murder,32
texas,32
thanks,32
must,32
spirit,31
even,30
put,30
goodbye,30
place,30
ever,30
wanted,30
die,30
look,29
state,29
live,29
kids,29
remember,29
thy,29
best,28
long,28
also,27
told,27
killing,27
part,27
mean,27
believe,27
many,26
anyone,26
killed,26
move,26
holy,26
else,25
took,25
mercy,25
alright,25
wife,25
ms,25
talk,25
need,25
lets,25
fight,24
sure,24
side,24
happy,24
suffering,24
daughter,24
praise,23
evil,23
wont,23
hold,23
hearts,23
john,23
ah,23
coming,22
heads,22
system,22
leave,22
dad,22
stop,22
crime,22
sins,22
together,21
taking,21
faith,21
baby,21
end,21
change,21
person,21
brought,20
two,20
thought,20
bad,20
written,20
though,20
gon,20
na,20
amen,20
real,20
free,20
away,19
okay,19
call,19
goes,19
beautiful,19
hear,19
fear,19
children,19
gave,19
without,19
witness,19
strength,19
youre,19
came,18
id,18
helped,18
forever,18
glad,18
wasnt,18
letter,18
friend,18
head,18
great,18
irene,18
–,18
comfort,17
anybody,17
earth,17
execution,17
days,17
trial,17
saying,17
given,17
little,17
left,17
happening,17
waiting,17
momma,17
forward,16
work,16
asked,16
bye,16
black,16
penalty,16
someone,16
forgiven,16
power,16
house,16
loving,15
men,15
show,15
court,15
rest,15
learn,15
knew,15
grace,15
eyes,15
cry,15
face,15
supporting,15
knows,15
later,15
hard,15
chance,15
reason,15
past,15
jack,15
mama,15
shown,14
sisters,14
address,14
families,14
blessed,14
true,14
cause,14
three,14
theres,14
glory,14
police,14
chaplain,14
standing,14
mad,14
lives,14
lost,14
prison,14
point,14
looking,14
commit,14
prayer,14
unto,14
regret,13
case,13
send,13
oh,13
around,13
brings,13
stand,13
died,13
showed,13
deserve,13
mine,13
happen,13
forget,13
guilty,13
aint,13
gone,13
ago,13
america,13
behind,12
another,12
moment,12
david,12
giving,12
attorney,12
michael,12
matter,12
loves,12
none,12
worry,12
officer,12
miss,12
body,12
ahead,12
someday,12
loss,12
gods,12
meant,12
accept,12
almighty,12
mistake,12
kingdom,12
thou,12
full,11
james,11
supporters,11
upon,11
called,11
evidence,11
attorneys,11
respect,11
big,11
society,11
carry,11
walk,11
parents,11
child,11
nobody,11
blessing,11
lie,11
struggle,11
able,11
responsibility,10
human,10
putting,10
lived,10
praying,10
especially,10
honor,10
times,10
doesnt,10
grief,10
wrote,10
committed,10
finished,10
heavenly,10
watch,10
night,10
isnt,10
spanish,10
promise,10
guess,10
art,10
soon,10
whole,10
mistakes,10
taken,10
somebody,10
mrs,10
kind,10
hands,10
lynching,10
process,9
unit,9
apology,9
opportunity,9
needs,9
seek,9
found,9
innocence,9
couldnt,9
used,9
proud,9
tried,9
act,9
journey,9
lay,9
sleep,9
happiness,9
spoken,9
dying,9
sentence,9
mary,9
next,9
trying,9
king,9
went,9
youve,9
fine,9
supported,9
anger,9
law,9
return,9
dead,9
bear,9
country,9
donna,9
extend,9
ye,9
trust,8
changed,8
enough,8
stopped,8
situation,8
takes,8
prove,8
telling,8
gives,8
heard,8
hurting,8
suffer,8
listen,8
dna,8
executed,8
allow,8
remorse,8
savior,8
start,8
known,8
special,8
comes,8
capital,8
dear,8
makes,8
since,8
raised,8
save,8
express,8
dearly,8
showing,8
officers,8
judge,8
hell,8
hatred,8
daddy,8
friendship,8
shot,8
members,8
precious,8
wonderful,8
use,8
kathy,8
lawyers,8
bitterness,8
touch,8
angry,8
toward,8
allowed,8
sake,8
witnesses,8
merciful,8
unintelligible,8
decision,7
prayers,7
polunsky,7
responsible,7
mind,7
close,7
learned,7
others,7
victim,7
poor,7
angel,7
bread,7
fixing,7
ride,7
job,7
try,7
boy,7
church,7
girl,7
husband,7
thankful,7
yeah,7
short,7
pass,7
punishment,7
nice,7
hand,7
getting,7
convicted,7
means,7
names,7
meet,7
final,7
probably,7
actions,7
robert,7
fighting,7
stuff,7
locked,7
yet,7
american,7
surely,7
paid,7
bobby,7
daily,7
lead,7
deliver,7
sorrow,7
freedom,7
future,7
woman,7
speak,7
saved,7
media,7
sin,7
confess,7
ways,7
marching,7
press,7
towards,6
belong,6
faithful,6
young,6
courts,6
”,6
sad,6
blood,6
word,6
jennifer,6
helps,6
danny,6
began,6
read,6
romans,6
old,6
fathers,6
wake,6
positive,6
joy,6
whatever,6
um,6
forgave,6
throughout,6
mike,6
community,6
write,6
worth,6
jones,6
new,6
alive,6
received,6
english,6
trouble,6
revenge,6
joe,6
already,6
needed,6
experience,6
talked,6
uh,6
spiritual,6
hey,6
price,6
talking,6
ya,6
nieces,6
involved,6
salvation,6
mexico,6
supposed,6
set,6
grave,6
injustice,6
watching,6
pay,6
beside,6
gain,6
enemies,6
temptation,6
living,6
cases,6
gun,6
realize,6
reach,6
whats,6
present,6
west,6
follow,6
blessings,6
tragedy,6
record,6
forgotten,6
boswell,6
closer,5
field,5
staff,5
making,5
decisions,5
amy,5
gene,5
matt,5
answers,5
wrongs,5
message,5
taste,5
win,5
false,5
turn,5
second,5
ray,5
broke,5
different,5
linda,5
barbara,5
wall,5
crazy,5
easy,5
hurts,5
th,5
turned,5
hi,5
touched,5
completely,5
line,5
proceed,5
chief,5
born,5
thomas,5
stood,5
clear,5
scott,5
explain,5
behalf,5
cox,5
reverend,5
prayed,5
daughters,5
guilt,5
grandmother,5
fact,5
deal,5
murdering,5
saw,5
perfect,5
keeping,5
helping,5
seeing,5
solve,5
nephews,5
type,5
blame,5
road,5
asking,5
crying,5
drug,5
testimony,5
smile,5
forced,5
shepherd,5
green,5
leadeth,5
waters,5
presence,5
tears,5
beat,5
shine,5
hallowed,5
hello,5
aunt,5
lied,5
receive,5
prophet,5
prosecutor,5
chris,5
bury,5
gets,5
light,5
poem,5
roll,5
folks,5
due,5
personal,5
richard,5
victory,5
walsh,5
suffered,5
protect,5
eye,5
moratorium,5
happens,5
sooner,5
deeply,5
theyve,5
public,5
wait,5
maam,4
guards,4
lift,4
ministers,4
sing,4
song,4
accepted,4
became,4
moments,4
changes,4
across,4
suicide,4
patricia,4
become,4
wouldve,4
shared,4
occurred,4
sylvia,4
including,4
deep,4
gurney,4
murdered,4
broken,4
sincerely,4
righteous,4
open,4
facts,4
filled,4
denied,4
kindness,4
eternity,4
minister,4
fought,4
inmate,4
small,4
bible,4
five,4
voice,4
hug,4
money,4
sky,4
saving,4
forgiving,4
wheres,4
white,4
along,4
mexican,4
steve,4
maurie,4
foremost,4
johnson,4
maybe,4
“,4
randy,4
cousins,4
beyond,4
alone,4
joanna,4
sons,4
brad,4
michelle,4
least,4
bro,4
verbal,4
letting,4
careful,4
christian,4
accident,4
weve,4
wouldnt,4
relief,4
example,4
demand,4
lies,4
youll,4
susan,4
murders,4
pop,4
humanity,4
feelings,4
connie,4
truck,4
killer,4
laura,4
couple,4
bill,4
spent,4
sinner,4
leaving,4
miracle,4
hallelujah,4
monster,4
sincere,4
heartache,4
beginning,4
gary,4
thinking,4
whiteside,4
pastures,4
paths,4
yea,4
valley,4
shadow,4
preparest,4
table,4
oil,4
cup,4
runneth,4
shed,4
carlos,4
veins,4
dog,4
trespasses,4
trespass,4
thine,4
execute,4
disappointed,4
upset,4
wilcox,4
dungeon,4
within,4
says,4
singing,4
gomez,4
veronica,4
book,4
defense,4
bringing,4
paul,4
adams,4
ran,4
late,4
high,4
breath,4
uncle,4
phone,4
spoke,4
animosity,4
arms,4
met,4
losing,4
charge,4
jury,4
supreme,4
video,4
profanity,4
chapter,4
forgives,4
sides,4
several,4
goodness,4
dwell,4
minutes,4
rock,4
rights,4
ta,4
shoot,4
rosalyn,4
greatest,4
gift,4
gotten,4
cost,4
important,4
car,4
although,4
released,4
smiling,4
bottom,4
appeals,4
eardmann,4
executing,4
knowledge,4
lords,4
cross,4
tongues,4
sometime,4
divine,4
em,4
liberation,4
necessary,4
genocide,4
deceased,4
laugh,4
rejoice,4
woe,4
mindy,4
pinkerton,4
administration,3
walls,3
yalls,3
beings,3
pat,3
pen,3
inside,3
worst,3
possible,3
judicial,3
owe,3
penal,3
hazelwood,3
believing,3
compassion,3
beg,3
four,3
figure,3
fix,3
kid,3
ashamed,3
cried,3
delivers,3
lack,3
hunger,3
refused,3
nine,3
harm,3
changing,3
teaching,3
finds,3
form,3
criminal,3
irby,3
deputy,3
stuck,3
thoughts,3
aka,3
queen,3
memories,3
sadness,3
marcus,3
pleasure,3
guy,3
safe,3
l,3
might,3
district,3
county,3
lastly,3
birthday,3
join,3
order,3
pope,3
francis,3
single,3
commend,3
choices,3
disappointment,3
undo,3
till,3
government,3
official,3
kehler,3
begin,3
sabrina,3
dr,3
donovan,3
sending,3
california,3
transition,3
grandbabies,3
letters,3
girls,3
statementi,3
j,3
remind,3
list,3
familys,3
lots,3
earlier,3
hereby,3
august,3
straight,3
understanding,3
transcripts,3
paying,3
room,3
hang,3
carl,3
anna,3
joey,3
half,3
lady,3
hero,3
hart,3
kim,3
saint,3
grateful,3
pull,3
trigger,3
damn,3
carrying,3
satisfaction,3
persons,3
williams,3
alba,3
bob,3
sometimes,3
feels,3
gladly,3
mourn,3
test,3
drugs,3
jenny,3
dell,3
fall,3
maketh,3
restoreth,3
anointest,3
jackson,3
tight,3
ba,3
bump,3
solace,3
sandy,3
self,3
bed,3
robin,3
frank,3
fair,3
kept,3
al,3
warrior,3
taylor,3
quiet,3
walked,3
horrible,3
doreen,3
joke,3
maria,3
doug,3
office,3
bitter,3
debbie,3
punished,3
virginia,3
fire,3
brief,3
leo,3
hour,3
righteousness,3
tom,3
surrender,3
anyway,3
pam,3
corey,3
anthony,3
treat,3
murderer,3
cherish,3
rebecca,3
lopez,3
problems,3
problem,3
anymore,3
saddened,3
file,3
seem,3
jane,3
confessed,3
fired,3
morgan,3
months,3
worked,3
paradise,3
eternal,3
sinners,3
sweet,3
cadena,3
longer,3
started,3
dow,3
roger,3
hoping,3
lawyer,3
counts,3
party,3
suit,3
clayton,3
ass,3
mitchell,3
actually,3
testify,3
vocabulary,3
sent,3
endured,3
mumbling,3
matters,3
imagine,3
trinity,3
te,3
st,3
promises,3
provided,3
remain,3
race,3
nation,3
believes,3
hunting,3
theyll,3
lambert,3
executions,3
leaders,3
avenged,3
moving,3
tapes,3
revolution,3
march,3
patient,3
tdcj,3
inmates,3
population,3
altered,3
records,3
wants,3
hes,3
behold,3
whenever,3
beatitudes,3
weep,3
corinthians,3
hopes,3
robinson,3
ros,3
incident,3
regrets,3
mighty,3
judgment,3
returns,3
islam,3
coldblooded,3
hollered,3
equal,3
allahasdadu,3
incarcerated,2
pals,2
threat,2
legal,2
expedite,2
bird,2
based,2
courageous,2
kitchens,2
mosqueda,2
duff,2
course,2
helen,2
event,2
describe,2
faults,2
bears,2
yearold,2
psalm,2
mouth,2
boast,2
humble,2
delivered,2
looked,2
faces,2
troubles,2
teach,2
lips,2
speaking,2
cut,2
hears,2
condemned,2
proven,2
ballistics,2
ten,2
codefendant,2
failed,2
heal,2
mark,2
wisdom,2
serve,2
encouragement,2
program,2
heinous,2
shape,2
homies,2
foster,2
june,2
week,2
cell,2
wearing,2
hit,2
six,2
plate,2
food,2
causing,2
consider,2
stephanie,2
september,2
grandma,2
sofia,2
shows,2
dollars,2
overseas,2
gold,2
sandra,2
meeting,2
christina,2
nephew,2
huh,2
knowing,2
secondly,2
medical,2
examiner,2
acts,2
cover,2
wrongfully,2
powell,2
lubbock,2
sunday,2
carol,2
daniel,2
conscience,2
maricela,2
nighty,2
terribly,2
sanchez,2
intended,2
walker,2
marissa,2
overcome,2
outrage,2
renee,2
path,2
afforded,2
wishes,2
moreno,2
unconditional,2
forgot,2
teresa,2
peaceful,2
listening,2
charlotte,2
tammy,2
babies,2
school,2
sign,2
despite,2
hernandez,2
fullest,2
gracious,2
christine,2
ultimate,2
period,2
angels,2
wings,2
zero,2
tiffany,2
shoes,2
release,2
nicholas,2
crimes,2
either,2
illegally,2
protest,2
guidance,2
opened,2
negative,2
energy,2
harbor,2
hilton,2
raped,2
stole,2
vain,2
crooked,2
building,2
c,2
boys,2
allen,2
louis,2
brenda,2
passed,2
setting,2
bunch,2
parent,2
theyre,2
cruel,2
welcome,2
hardest,2
maker,2
dwight,2
rangers,2
rich,2
grown,2
mans,2
messed,2
rid,2
cowboys,2
dope,2
dealer,2
swear,2
courtesy,2
jung,2
arthur,2
throne,2
rhodes,2
seconds,2
total,2
loud,2
deserved,2
viva,2
mass,2
doctors,2
frustration,2
gates,2
member,2
eight,2
worries,2
check,2
amys,2
committing,2
wages,2
emotions,2
atrocity,2
pillar,2
pastor,2
grandchildren,2
grew,2
harder,2
infinite,2
stefanie,2
celebrate,2
cori,2
princess,2
dishonor,2
wanting,2
danielle,2
grant,2
thee,2
dixie,2
jennie,2
reality,2
hugs,2
pump,2
lethal,2
worse,2
fo,2
unable,2
courtroom,2
amber,2
ronnie,2
harris,2
tim,2
dan,2
synnova,2
rodney,2
fellowship,2
correctly,2
roxanne,2
punish,2
neither,2
remorseful,2
compared,2
purpose,2
terrifying,2
civilized,2
voices,2
rose,2
error,2
sis,2
violent,2
investigators,2
convict,2
hair,2
break,2
awake,2
ministry,2
chantal,2
unjust,2
exist,2
importantly,2
granted,2
jess,2
harold,2
story,2
involvement,2
vick,2
street,2
adam,2
bedroom,2
owed,2
seen,2
heals,2
empty,2
kevin,2
offer,2
affected,2
shout,2
kyle,2
felt,2
dawn,2
hewitt,2
hours,2
agree,2
shalt,2
fellows,2
destiny,2
melyssa,2
biggest,2
conviction,2
answer,2
nancy,2
poison,2
easier,2
healing,2
yolanda,2
somewhere,2
ernest,2
stupidity,2
newspaper,2
disrespect,2
quit,2
sara,2
fault,2
correct,2
wronged,2
dianne,2
betty,2
judy,2
devil,2
allowing,2
deceive,2
patience,2
play,2
whether,2
megan,2
jerry,2
honey,2
anne,2
front,2
lose,2
celina,2
carolyn,2
flesh,2
guido,2
totally,2
ashlee,2
brent,2
allison,2
sheila,2
seven,2
andy,2
memory,2
rusty,2
sonny,2
hopefully,2
destroyed,2
alls,2
cindy,2
kin,2
portion,2
omitted,2
works,2
dust,2
tommy,2
martin,2
robbery,2
davis,2
charged,2
shooting,2
physical,2
unknown,2
rosalyns,2
sticking,2
england,2
leads,2
rod,2
instead,2
believed,2
laws,2
texans,2
uphold,2
instances,2
victorious,2
allahs,2
represent,2
appeal,2
missing,2
unites,2
states,2
officials,2
fixed,2
politicians,2
ellis,2
grudges,2
kenney,2
arnott,2
hollow,2
hospitality,2
run,2
bullet,2
east,2
north,2
shots,2
clay,2
acted,2
control,2
possibly,2
houston,2
expressed,2
ground,2
respected,2
placed,2
everlasting,2
vengeance,2
invite,2
funeral,2
havent,2
personally,2
stone,2
physically,2
resounding,2
ideals,2
parties,2
whos,2
compromise,2
fell,2
confession,2
wet,2
neal,2
seat,2
nov,2
endure,2
sherrod,2
lying,2
article,2
testified,2
wonder,2
admit,2
fantasy,2
fabricated,2
becomes,2
malice,2
arrival,2
disappoint,2
stronger,2
writing,2
charles,2
particular,2
recites,2
sean,2
needle,2
numbers,2
burden,2
approach,2
desire,2
mankind,2
violence,2
wiped,2
clean,2
unfortunate,2
individually,2
remains,2
river,2
streets,2
cast,2
rush,2
dios,2
mi,2
command,2
irish,2
unrighteousness,2
mumbled,2
quiero,2
inflicted,2
greater,2
taught,2
added,2
whose,2
sharon,2
racist,2
kiss,2
finite,2
south,2
islamic,2
chooses,2
following,2
surgery,2
whoever,2
unity,2
prevail,2
courage,2
dignity,2
bianca,2
shaka,2
sankofa,2
graham,2
properly,2
presented,2
international,2
mohammed,2
exposed,2
mandela,2
refuse,2
revolutionary,2
african,2
united,2
assured,2
sanctioned,2
less,2
ease,2
proof,2
view,2
gong,2
filed,2
conspiracy,2
doubt,2
arguments,2
falsified,2
mason,2
everybodys,2
graves,2
fail,2
satan,2
mcbride,2
manner,2
prophets,2
gifts,2
account,2
rejoices,2
fails,2
prophecy,2
cease,2
flight,2
signed,2
memorize,2
pretty,2
asleep,2
webb,2
fashion,2
serious,2
difference,2
faking,2
fake,2
weis,2
practice,2
resolved,2
gloria,2
places,2
hawthorn,2
oneeyed,2
booger,2
create,2
rise,2
misery,2
flow,2
grow,2
adios,2
lynn,2
niece,2
subpoena,2
tied,2
b,2
methamphetamine,2
remunerator,2
deepest,2
affording,2
sided,2
fully,2
caring,2
lucky,2
ron,2
magee,2
sun,2
dee,2
created,2
sentences,2
teenagers,2
tdc,2
discontinue,2
determine,2
rj,2
tooth,2
thanked,2
treated,2
policeman,2
kills,2
doi,2
offended,2
muslim,2
la,2
ilah,2
illa,2
muhammadan,2
rasul,2
allahi,2
edwards,1
coaches,1
sings,1
stray,1
pushing,1
treating,1
corner,1
outside,1
correctional,1
rehabilitated,1
deemed,1
steps,1
include,1
assisted,1
legally,1
prosecution,1
protocol,1
morality,1
circle,1
townsend,1
articulate,1
ability,1
restitution,1
restoration,1
reflect,1
bridget,1
dickerson,1
goal,1
accountability,1
information,1
anyreservations,1
knowfrom,1
addressed,1
bund,1
cantu,1
frazier,1
rescue,1
position,1
digging,1
unraveling,1
searching,1
bedone,1
matthew,1
lgfyus,1
transpired,1
pleased,1
transgressed,1
redemption,1
abraham,1
lincoln,1
richer,1
fruits,1
attributes,1
reckless,1
sight,1
continually,1
magnify,1
exalt,1
sought,1
fears,1
radiant,1
encamps,1
seeks,1
refuge,1
saints,1
lions,1
desires,1
tongue,1
deceit,1
depart,1
pursue,1
ears,1
remembrance,1
near,1
saves,1
contrite,1
afflictions,1
bones,1
slay,1
wicked,1
redeems,1
servants,1
ruth,1
occurring,1
blocked,1
access,1
motions,1
discovery,1
identified,1
audio,1
tape,1
hid,1
vetta,1
jared,1
ate,1
laughed,1
laying,1
bond,1
jt,1
nix,1
tall,1
fly,1
ashley,1
fabio,1
pause,1
sunny,1
blue,1
pablo,1
castro,1
communicate,1
advocacy,1
reply,1
grasshopper,1
dana,1
aided,1
department,1
garcia,1
aiding,1
walkers,1
stayed,1
karen,1
barry,1
shootout,1
named,1
garret,1
civilian,1
clothes,1
super,1
seg,1
ridicule,1
brick,1
sherriff,1
gideon,1
deputys,1
buddies,1
hallway,1
fun,1
july,1
year,1
cody,1
irbys,1
maddie,1
twin,1
sonja,1
angie,1
peruvian,1
dominican,1
negativities,1
friendships,1
inlaws,1
emotional,1
influence,1
roundtree,1
diazs,1
morelia,1
umm,1
pamela,1
hardy,1
kayla,1
considering,1
passing,1
drag,1
discussion,1
freddie,1
sonia,1
effort,1
bubble,1
ladies,1
pancakes,1
color,1
honest,1
nelley,1
enjoy,1
lifes,1
center,1
italy,1
france,1
prisoners,1
lori,1
tashell,1
consulate,1
humane,1
treatment,1
prisons,1
governor,1
forge,1
chariot,1
patel,1
mentoring,1
burns,1
soldier,1
toes,1
privilege,1
february,1
nurse,1
engaged,1
numerous,1
illegal,1
thousands,1
fbi,1
investigate,1
catholic,1
palm,1
yesterday,1
boycott,1
business,1
businesses,1
pressed,1
jean,1
bothering,1
charlie,1
certain,1
amount,1
carrol,1
levin,1
alicia,1
amezcua,1
rodriguez,1
babcock,1
consul,1
toothank,1
luna,1
julia,1
thimm,1
friendsnow,1
elses,1
count,1
thatthank,1
lessons,1
advanced,1
coretta,1
questions,1
crain,1
mercedes,1
davids,1
kathryn,1
cannon,1
lifelong,1
ball,1
injustices,1
leon,1
harrison,1
grieved,1
productive,1
intend,1
sentiment,1
shelby,1
aunts,1
uncles,1
york,1
switch,1
wesley,1
ruiz,1
slope,1
solano,1
card,1
motherinlaw,1
quarter,1
century,1
unwavering,1
held,1
simply,1
extended,1
rocky,1
fast,1
steinfeldt,1
indignity,1
defeats,1
pampering,1
obscure,1
merit,1
drawing,1
stacy,1
trix,1
endings,1
beginnings,1
lion,1
lamb,1
sees,1
wayne,1
jorge,1
luis,1
darlie,1
richie,1
auntie,1
nesha,1
titus,1
baisey,1
tt,1
damen,1
lawrence,1
realized,1
bella,1
meyou,1
statementyes,1
mindful,1
boss,1
ramiro,1
hiphop,1
youto,1
endlessly,1
foreverlastly,1
himselfthank,1
canfield,1
dwyers,1
eliminate,1
gerald,1
mandy,1
lilia,1
kisses,1
serves,1
youngsters,1
jaime,1
cory,1
finally,1
grandpas,1
declare,1
steven,1
everett,1
velasquez,1
douglas,1
alan,1
feldman,1
proxy,1
carried,1
holding,1
confinement,1
force,1
pending,1
immediate,1
miriam,1
campbell,1
aaron,1
darrian,1
watches,1
suzy,1
elroy,1
chester,1
clown,1
plan,1
shonna,1
bubba,1
midst,1
trip,1
partners,1
arnold,1
schwarzenegger,1
absurdity,1
resolve,1
hadnt,1
newman,1
rob,1
driving,1
abused,1
harmed,1
sheena,1
burning,1
terrella,1
judging,1
cowboy,1
tracy,1
terella,1
babe,1
celeste,1
cort,1
jason,1
dads,1
noticed,1
bivins,1
marjo,1
bernard,1
feeling,1
arm,1
sat,1
wondering,1
grandson,1
coldhearted,1
homesick,1
awe,1
billy,1
eloise,1
bohannon,1
peg,1
dies,1
malicious,1
stupid,1
eat,1
sheri,1
tball,1
leary,1
fernandez,1
finish,1
aubrey,1
hawkins,1
cheri,1
katherine,1
stings,1
alyssa,1
vazquez,1
sympathy,1
emmanuel,1
joseph,1
president,1
performing,1
invoke,1
yahweh,1
strapped,1
tali,1
screwed,1
israel,1
causes,1
lifetime,1
director,1
spark,1
conna,1
goodnight,1
representing,1
miscarriage,1
slaughter,1
melanie,1
peoples,1
knock,1
rick,1
defended,1
inhumane,1
teleport,1
noel,1
thick,1
thin,1
brigitta,1
tracey,1
nicole,1
wanda,1
courtappointed,1
youngster,1
youcrying,1
imperfections,1
counseling,1
guiding,1
forest,1
hall,1
enlightenment,1
wendys,1
eric,1
jr,1
hector,1
jake,1
mia,1
papa,1
starting,1
victor,1
bros,1
deena,1
adela,1
mijta,1
juana,1
repay,1
affecting,1
adonya,1
galloway,1
tomorrow,1
torn,1
thousand,1
require,1
monkey,1
samantha,1
rip,1
tore,1
results,1
rapes,1
alcoholic,1
peanut,1
creating,1
shoe,1
lopes,1
lesson,1
affect,1
shay,1
enjoyed,1
hef,1
powerful,1
gaylene,1
assalaam,1
alaikum,1
forgiver,1
kate,1
gang,1
excuses,1
extending,1
collins,1
warmest,1
pa,1
kristy,1
khristopher,1
tony,1
guides,1
plenty,1
dre,1
yaws,1
junie,1
veterinary,1
association,1
dogs,1
josephs,1
respond,1
wynona,1
spade,1
segal,1
kay,1
chicken,1
pork,1
chops,1
fellas,1
fleetwood,1
golden,1
chelsea,1
johnny,1
tito,1
roseanne,1
melissa,1
dyson,1
herrington,1
played,1
dealt,1
existing,1
isolated,1
suppressed,1
minds,1
affection,1
resident,1
ache,1
darkness,1
crushed,1
meaning,1
unforgiveness,1
pastors,1
christians,1
pit,1
hopelessness,1
enable,1
luise,1
mic,1
mija,1
cynthia,1
abel,1
evelyn,1
armando,1
delia,1
veronicas,1
leg,1
herb,1
closet,1
asthma,1
lent,1
hot,1
invited,1
shirt,1
josh,1
cassandra,1
nell,1
kaye,1
gabriels,1
ended,1
zena,1
tresspasses,1
donahue,1
hollbrook,1
purposely,1
walter,1
e,1
reeves,1
claims,1
hurley,1
suppose,1
agreeing,1
chong,1
carrier,1
gerard,1
step,1
kaneisha,1
ieisha,1
flake,1
iam,1
confusion,1
christianity,1
tact,1
deals,1
sold,1
polygraph,1
volunteered,1
driver,1
cdl,1
active,1
yard,1
picked,1
career,1
jonesin,1
dallas,1
bathroom,1
attacked,1
deaf,1
ear,1
tv,1
aid,1
throat,1
stabbed,1
favor,1
pulled,1
downtown,1
famly,1
videotape,1
awesome,1
kitten,1
angela,1
prize,1
ford,1
remembering,1
gained,1
hawkings,1
edgardo,1
comforted,1
terms,1
kjersti,1
roland,1
falicia,1
prechtl,1
continued,1
interviews,1
choke,1
terrible,1
december,1
embraced,1
becauseend,1
lovel,1
ronni,1
dawson,1
knees,1
obey,1
seeking,1
chiquita,1
felicia,1
mohammad,1
carrie,1
regards,1
lee,1
hines,1
woods,1
cleve,1
patrick,1
bryan,1
knight,1
contact,1
jefe,1
grandfather,1
surace,1
pauses,1
howdy,1
cheated,1
cca,1
federal,1
circuit,1
doris,1
stunt,1
double,1
ward,1
investigator,1
michigan,1
debra,1
wedding,1
greer,1
sammie,1
vincent,1
vein,1
needles,1
diaper,1
aside,1
cemetery,1
schaeffer,1
judges,1
overplayed,1
marcy,1
directed,1
christopher,1
ochente,1
dancing,1
diamonds,1
priceless,1
eve,1
saddam,1
gomorrah,1
immaturity,1
gus,1
heroin,1
methadone,1
devin,1
walt,1
amanda,1
cathy,1
praises,1
garza,1
mommy,1
calmness,1
marios,1
jermaine,1
cancellation,1
professed,1
bruno,1
chuckie,1
juanita,1
toby,1
wright,1
kick,1
tires,1
brotherinlaws,1
trooper,1
damiens,1
damien,1
audreys,1
regretted,1
remembers,1
ups,1
aleda,1
rule,1
fingers,1
sincerity,1
inflict,1
prays,1
nutt,1
gabrielle,1
uhl,1
germany,1
countless,1
nadia,1
amenia,1
kira,1
noemi,1
walli,1
efforts,1
peter,1
lorrell,1
barker,1
tina,1
kinda,1
settle,1
brandon,1
darling,1
kerstin,1
consequences,1
reprieve,1
hinder,1
listed,1
nervous,1
themand,1
track,1
beth,1
betrayed,1
unjustly,1
amended,1
misled,1
grass,1
ailsa,1
sisterinlaw,1
edie,1
carma,1
margherita,1
angelo,1
justin,1
pammy,1
shy,1
town,1
jayi,1
hanging,1
popsicle,1
speakers,1
feet,1
headphones,1
worthy,1
shedding,1
calvary,1
trespassed,1
tired,1
stops,1
prosecutors,1
catacombs,1
belongs,1
shackles,1
chains,1
otherwise,1
misty,1
annette,1
earline,1
overcame,1
jessica,1
lorna,1
running,1
andre,1
potential,1
ann,1
carla,1
fran,1
headed,1
blackie,1
buster,1
milo,1
commence,1
sullivan,1
hayden,1
intention,1
claimed,1
shouldnt,1
void,1
brians,1
shane,1
moon,1
gray,1
brandy,1
pact,1
vicente,1
steal,1
undertaker,1
dealing,1
bounce,1
persecuted,1
gabby,1
remaining,1
perkins,1
kinslow,1
younger,1
eastham,1
jamie,1
kent,1
dozen,1
cullen,1
nanny,1
bea,1
gilbert,1
ayers,1
blesses,1
celebrating,1
celebration,1
angelic,1
todeschini,1
marys,1
genuinely,1
excuse,1
arresting,1
cpr,1
chaplains,1
timeoh,1
ken,1
katrina,1
calmed,1
yellow,1
franciscan,1
nuns,1
tannie,1
blackwell,1
paulette,1
kindoms,1
shore,1
softly,1
gently,1
restores,1
choosing,1
overlooks,1
worrying,1
solitary,1
varghese,1
holder,1
defenseand,1
abrahams,1
farooq,1
enjoied,1
alot,1
denial,1
incarceration,1
everytime,1
arrested,1
destroying,1
hide,1
breed,1
detes,1
occasions,1
ect,1
heros,1
nammyohorengekyo,1
salaamu,1
dreehcer,1
ali,1
smaillii,1
muhammd,1
formely,1
earl,1
headwilliams,1
iii,1
qualified,1
dismiss,1
filing,1
deadline,1
failing,1
documents,1
client,1
guaranteed,1
constitution,1
confidence,1
unfair,1
clemency,1
reviewed,1
elliot,1
nashtat,1
dutton,1
dolatschko,1
bilodeau,1
charlton,1
deter,1
justspeaking,1
french,1
lundy,1
levi,1
meanhearted,1
thompson,1
cutler,1
burn,1
candle,1
cheap,1
devastated,1
meal,1
bit,1
tests,1
matched,1
third,1
request,1
report,1
patterns,1
laid,1
larry,1
ashworth,1
fort,1
molest,1
gaines,1
fabrication,1
coverup,1
unprovoked,1
selfdefense,1
reflex,1
jurors,1
injury,1
beating,1
crack,1
chronicle,1
mayor,1
dea,1
informant,1
reacted,1
midsentence,1
solid,1
reed,1
chad,1
reserve,1
parole,1
sinned,1
begotten,1
whosoever,1
believeth,1
wrath,1
verse,1
jumped,1
speaks,1
holiness,1
deeds,1
bakers,1
switzerland,1
diego,1
wildflower,1
bo,1
simmons,1
ollie,1
gigi,1
unite,1
deidra,1
claudia,1
temporary,1
stepping,1
demonstrate,1
raise,1
flag,1
mcdougal,1
exonerated,1
tolson,1
rebeccas,1
anointeth,1
peters,1
senseless,1
restraints,1
idle,1
threats,1
shameful,1
dispose,1
participating,1
scream,1
meand,1
luttig,1
chances,1
justicetonight,1
conflict,1
proceeding,1
difficult,1
clash,1
misguided,1
recovered,1
mess,1
arent,1
willing,1
wins,1
walks,1
petersons,1
crouch,1
chiara,1
fred,1
rachel,1
oralia,1
corpus,1
christi,1
caller,1
sarah,1
selfdestruct,1
dwells,1
advisor,1
obrien,1
guajardo,1
orlando,1
celia,1
watkins,1
admitted,1
dealers,1
shut,1
island,1
barbados,1
approximately,1
bassinet,1
colleen,1
ends,1
willie,1
share,1
ii,1
timothy,1
tells,1
instill,1
sound,1
mindfor,1
desperately,1
search,1
truthfully,1
determined,1
specific,1
conclusion,1
damned,1
age,1
modina,1
holmes,1
planting,1
cigarette,1
butt,1
knives,1
helgren,1
packed,1
trunk,1
cab,1
photo,1
club,1
alike,1
wes,1
chump,1
dirty,1
shield,1
daffy,1
duck,1
soiling,1
reputation,1
dreamed,1
unrestrained,1
farren,1
slick,1
globe,1
printed,1
diarmed,1
rendered,1
defenseless,1
justify,1
sequence,1
walking,1
deception,1
related,1
truely,1
deliberately,1
premeditation,1
spun,1
motives,1
sets,1
professionalism,1
scooter,1
beer,1
willy,1
boocub,1
diana,1
meit,1
sanchezs,1
fro,1
facetious,1
yields,1
begins,1
amazing,1
everywhere,1
neckbone,1
sheet,1
hun,1
weigh,1
pounds,1
becca,1
thirteen,1
fourteen,1
noncaring,1
attitude,1
ursula,1
manon,1
warm,1
pepper,1
gas,1
humphrey,1
danalyn,1
owen,1
werent,1
understood,1
diligence,1
hurry,1
marinos,1
youalways,1
guided,1
marsha,1
mansion,1
promised,1
almost,1
safer,1
ending,1
dude,1
shorty,1
shower,1
calling,1
travis,1
ware,1
felonies,1
invested,1
magnificent,1
travesties,1
repentant,1
glorious,1
waste,1
arguing,1
bickering,1
embrace,1
likeit,1
nectar,1
wishing,1
tree,1
tribe,1
grumah,1
poet,1
separation,1
mycountry,1
nourish,1
minimum,1
maximum,1
security,1
mothers,1
intentionally,1
knowingly,1
didmau,1
vietnamese,1
debts,1
imagined,1
slate,1
marked,1
erased,1
anderson,1
visits,1
granny,1
dance,1
gracie,1
lovely,1
moral,1
slayton,1
mandas,1
contigo,1
espiritu,1
alabamos,1
todos,1
cuida,1
familia,1
translating,1
shineth,1
foundations,1
cleanse,1
santajaib,1
singh,1
ji,1
maggie,1
actively,1
thier,1
ricky,1
melodee,1
walshsylvia,1
mucho,1
consulado,1
decir,1
muchas,1
gracias,1
por,1
todo,1
womans,1
koslow,1
softened,1
graciously,1
relatives,1
greatly,1
departure,1
plane,1
judgement,1
souls,1
bryant,1
slumber,1
wilson,1
hired,1
kelly,1
elizabeth,1
twelve,1
infamous,1
famous,1
legendary,1
turner,1
universe,1
protection,1
era,1
masters,1
temple,1
honored,1
assigned,1
strange,1
governs,1
events,1
religion,1
central,1
ancient,1
forefathers,1
revealed,1
dorothy,1
tomas,1
performed,1
shannon,1
pictures,1
caught,1
witnessed,1
ironic,1
dana……yes,1
overwhelming,1
compelling,1
anywhere,1
rallied,1
lamberts,1
pursuing,1
outlaw,1
systematic,1
murderlynching,1
recognize,1
malcom,1
x,1
luther,1
condition,1
tradition,1
resistance,1
loose,1
battle,1
war,1
avenge,1
protested,1
slavery,1
beatings,1
brutality,1
closed,1
doors,1
barbarity,1
ashanti,1
chimurenga,1
string,1
winnie,1
nelson,1
sharpton,1
jagger,1
jesse,1
liberate,1
maintain,1
preach,1
push,1
pure,1
simple,1
acknowledge,1
publicly,1
faced,1
endeavor,1
solidarity,1
responded,1
comment,1
farris,1
pressure,1
appearance,1
surprised,1
helper,1
grab,1
chosen,1
injure,1
sort,1
terrell,1
respectful,1
realizing,1
timers,1
freeworld,1
selso,1
nuncio,1
visit,1
drove,1
here…lester,1
byers,1
rosales,1
raiders,1
mumbles…mob,1
skains,1
generals,1
sputnick,1
sell,1
hearing,1
paper,1
rebut,1
contradict,1
document,1
signature,1
shame,1
needand,1
abul,1
anitra,1
entire,1
concern,1
genuine,1
crucified,1
annie,1
repent,1
resurrected,1
servant,1
slave,1
margie,1
mchenry,1
mamas,1
assure,1
lifted,1
disciples,1
separate,1
company,1
reproach,1
leap,1
reward,1
consolation,1
moan,1
supremacy,1
jealous,1
brag,1
arrogant,1
unbecoming,1
provoked,1
endures,1
abide,1
diamond,1
glints,1
snow,1
sunlight,1
ripened,1
grain,1
gentle,1
autumn,1
rain,1
awaken,1
mornings,1
hush,1
swift,1
uplifting,1
birds,1
circled,1
soft,1
stars,1
huntsville,1
anticipated,1
recite,1
testament,1
lukes,1
anticipation,1
fulfill,1
available,1
appear,1
falling,1
irreversible,1
patty,1
expressing,1
replace,1
despicable,1
bestow,1
obtain,1
wardens,1
ahh,1
educated,1
doctor,1
tables,1
scene,1
guarantee,1
fixin,1
permission,1
background,1
wherefore,1
prepare,1
brazzil,1
sincerest,1
unnecessary,1
rectify,1
diminished,1
traveled,1
far,1
ordeal,1
oum,1
nama,1
shiveya,1
chant,1
proving,1
acknowledged,1
fruit,1
judgments,1
definitely,1
sick,1
afraid,1
dreaming,1
alcohol,1
treasure,1
madness,1
trade,1
fredericks,1
health,1
debt,1
rebate,1
refund,1
kami,1
alison,1
shawn,1
edwin,1
ambitions,1
chose,1
satisfied,1
acknowledging,1
complaints,1
doubts,1
symptom,1
bigger,1
illness,1
destroy,1
countries,1
ongoing,1
embargo,1
sanctions,1
iran,1
iraq,1
cuba,1
harming,1
perhaps,1
environment,1
devastating,1
direction,1
result,1
planet,1
struggling,1
existent,1
institution,1
institutions,1
observer,1
informed,1
specially,1
hawthorns,1
floor,1
recent,1
comments,1
spin,1
redoctor,1
trials,1
unforgivable,1
tennis,1
verify,1
accountable,1
except,1
doodle,1
bug,1
outlining,1
youth,1
authority,1
pin,1
reformatory,1
schools,1
penitentiary,1
monsters,1
isabel,1
early,1
morning,1
sea,1
debtors,1
brotherinlaw,1
yoli,1
german,1
menic,1
schone,1
prizessin,1
du,1
herz,1
seele,1
rind,1
ich,1
liele,1
dich,1
sehm,1
translation,1
bruce,1
instrumental,1
lang,1
weeks,1
donating,1
science,1
parts,1
closing,1
thirty,1
kathys,1
attend,1
dropping,1
nightmare,1
smiles,1
atw,1
amigos,1
motion,1
quote,1
ingram,1
twenty,1
regretful,1
mexico…spanish,1
introduced,1
paint,1
picture,1
testifying,1
ol,1
freaky,1
deaky,1
clinton,1
antiterrorism,1
shorten,1
foreign,1
pubic,1
belonged,1
drop,1
sposmosa,1
crotch,1
pants,1
indictment,1
possession,1
delivery,1
swore,1
oath,1
mattered,1
highpriced,1
prostitute,1
sells,1
highest,1
bidder,1
code,1
remuneration,1
alleged,1
sims,1
cough,1
rosenbaum,1
clark,1
offend,1
led,1
beloved,1
miraculous,1
td,1
jay,1
burdge,1
elijah,1
speed,1
ocean,1
consciousness,1
catharina,1
issue,1
sit,1
desired,1
niv,1
excellent,1
clanging,1
cymbal,1
fathom,1
mysteries,1
mountains,1
possess,1
flames,1
envy,1
rude,1
selfseeking,1
easily,1
angered,1
keeps,1
delight,1
protects,1
trusts,1
perseveres,1
prophecies,1
stilled,1
prophesy,1
perfection,1
imperfect,1
disappears,1
reasoned,1
childish,1
reflection,1
mirror,1
miguel,1
leslie,1
javier,1
cruz,1
learning,1
squashed,1
speeches,1
est,1
sularus,1
oth,1
mithas,1
service,1
a…,1
shortly,1
collier,1
conversion,1
hire,1
apologies,1
ancestors,1
impossible,1
thornton,1
deans,1
peggy,1
baggett,1
speech,1
surviving,1
spite,1
circumstances,1
separated,1
humans,1
separates,1
groups,1
build,1
remembered,1
all…,1
holidays,1
birthdays,1
½,1
craft,1
bethrie,1
hanon,1
illegible,1
closeness,1
using,1
imprisoned,1
sharing,1
offered,1
stacey,1
offense,1
compensate,1
proceeds,1
contacting,1
butterfly,1
prepared,1
hancock,1
have…,1
olga,1
brian,1
ana,1
chiconot,1
strongsome,1
breakcouldnt,1
understandyou,1
nature,1
itcouldnt,1
–some,1
cycle,1
value,1
seems,1
experiences,1
veterans,1
camille,1
tilling,1
joann,1
rita,1
nora,1
deathrows,1
allinmates,1
jds,1
honestly,1
rage,1
–names,1
children–,1
stevegarbled–,1
inexcusable,1
mentally,1
individual,1
worthwhile,1
mumbledtell,1
sacrifice,1
wealth,1
key,1
basis,1
sense,1
acceptance,1
lays,1
fielder,1
encourage,1
eden,1
…guys,1
patsy,1
buntion,1
gladys,1
choice,1
shakespearean,1
missed,1
persuade,1
citizens,1
hodges,1
listened,1
returned,1
kinnamon,1
evidently,1
specifically,1
transformed,1
creature,1
kings,1
secure,1
purely,1
wholeheartedly,1
wished,1
understoodi,1
marta,1
glass,1
kuley,1
conference,1
mccarthy,1
amena,1
garbled,1
regarding,1
mishap,1
iris,1
siff,1
unintentional,1
discomfort,1
drawn,1
disciple,1
rescued,1
wretched,1
ireland,1
certainly,1
instrument,1
devoted,1
blind,1
borderline,1
retarded,1
male,1
felony,1
contaminate,1
add,1
discriminates,1
plus,1
allwhite,1
pile,1
ineffective,1
assistance,1
counsel,1
option,1
rehabilitation,1
persecute,1
lasting,1
again…this,1
anil,1
justifies,1
lonesome,1
dreams,1
often,1
hung,1
thugs,1
capable,1
ticking,1
undone,1
injection,1
strife,1
wilkerson,1
winn,1
breathe,1
merka,1
plead,1
jim,1
peterson,1
staying,1
aviation,1
bitchesto,1
seemed,1
lock,1
load,1
aexpletive,1
deleted,1
lasted,1
rollingmouthed,1
‘,1
copy,1
proclaim,1
howard,1
otis,1
cool,1
entered,1
chamber,1
recited,1
dj,1
laurie,1
wheat,1
transgressions,1
sanders,1
blow,1
thirteenyearold,1
handcuffed,1
drowned,1
jose,1
campo,1
torres,1
threw,1
americas,1
mexicans,1
suspended,1
probation,1
tie,1
stretcher,1
anybodys,1
door,1
murderers,1
truthfulness,1
showered,1
replied,1
witches,1
burned,1
stake,1
levins,1
drive,1
bass,1
powell…,1
coughed,1
transpire,1
however,1
errors,1
therefore,1
respectively,1
undying,1
ronald,1
obryan,1
ps,1
personnel,1
absolutely,1
devout,1
material,1
preparing,1
oneself,1
becoming,1
youasdadu,1
muhammad,1
messenger,1
allahinna,1
liallah,1
wainna,1
ilayhi,1
rajiunverily,1
verily,1
returnbe,1
